{
  "Krishna": {
    "name": "Krishna",
    "Age": 25,
    "descriptors": [
      [
        -0.17960838973522186, 0.12253180146217346, 0.08540284633636475,
        -0.058810703456401825, -0.024567466229200363, -0.026343457400798798,
        -0.05832197517156601, -0.04614629969000816, 0.17743049561977386,
        -0.08130843192338943, 0.26505181193351746, 0.0025344397872686386,
        -0.1691974699497223, -0.19783887267112732, -0.05054108798503876,
        0.12915396690368652, -0.14007413387298584, -0.13127274811267853,
        -0.047906458377838135, -0.07130664587020874, 0.07553894817829132,
        0.022076847031712532, 0.008036832325160503, 0.050233304500579834,
        -0.15381541848182678, -0.326864093542099, -0.03627348691225052,
        -0.08707621693611145, -0.0070725055411458015, -0.1550249308347702,
        -0.030609939247369766, 0.05557956546545029, -0.1832566261291504,
        -0.03526877611875534, -0.043273650109767914, 0.05676748603582382,
        0.057384390383958817, 0.03379063308238983, 0.13494627177715302,
        0.053503889590501785, -0.1354120373725891, -0.06427432596683502,
        0.0009479995351284742, 0.2959270179271698, 0.23857806622982025,
        0.0010686945170164108, 0.0005413442850112915, -0.09189832210540771,
        0.11971955001354218, -0.2272188365459442, 0.013352565467357635,
        0.15761877596378326, 0.021564390510320663, 0.011276871897280216,
        0.12040229886770248, -0.08505956083536148, -0.01783732697367668,
        0.04934234172105789, -0.15681767463684082, 0.067201167345047,
        0.002563420683145523, -0.06281869113445282, -0.07241398841142654,
        -0.07163743674755096, 0.17131781578063965, 0.08393661677837372,
        -0.09822657704353333, -0.17742463946342468, 0.13569045066833496,
        -0.12531530857086182, -0.03488212451338768, 0.1329410821199417,
        -0.06648270785808563, -0.16969291865825653, -0.28216320276260376,
        0.04543454945087433, 0.4156807065010071, 0.1636505275964737,
        -0.22329792380332947, 0.0507732592523098, -0.10751307010650635,
        -0.10908683389425278, 0.1024148240685463, 0.05908575281500816,
        -0.0722120851278305, 0.06939700245857239, -0.13814568519592285,
        0.04860454052686691, 0.15268374979496002, 0.06651569157838821,
        -0.016461987048387527, 0.22588355839252472, -0.025566376745700836,
        0.03544379398226738, 0.05322655662894249, 0.047929055988788605,
        -0.1499454826116562, 0.040648866444826126, -0.1402876079082489,
        -0.09263092279434204, 0.05361313745379448, -0.05908921733498573,
        0.025122085586190224, 0.07740560919046402, -0.09384865313768387,
        0.14292508363723755, -0.003777453675866127, 0.023863213136792183,
        -0.05862167477607727, -0.0075148227624595165, -0.08572787791490555,
        -0.005055363290011883, 0.10997913777828217, -0.18230527639389038,
        0.12658509612083435, 0.0841183140873909, 0.05942550301551819,
        0.13462257385253906, 0.11150311678647995, 0.07647531479597092,
        -0.04418991133570671, -0.03866623342037201, -0.0518907830119133,
        -0.008841967210173607, -0.0014535048976540565, -0.06127571314573288,
        0.12001578509807587, -0.012232746928930283
      ],
      [
        -0.1518767774105072, 0.1687961220741272, 0.04749622941017151,
        -0.05339837074279785, -0.042209088802337646, -0.01896669715642929,
        -0.07420521974563599, -0.032592155039310455, 0.2370523363351822,
        -0.053793057799339294, 0.26007065176963806, 0.044697899371385574,
        -0.17861047387123108, -0.13018448650836945, -0.04369692876935005,
        0.12189636379480362, -0.16799461841583252, -0.10867761075496674,
        -0.01654238812625408, -0.1041712835431099, 0.08731218427419662,
        -0.007338433526456356, -0.03939877822995186, 0.05034153163433075,
        -0.1952396035194397, -0.3731721043586731, -0.062076058238744736,
        -0.1326151341199875, 0.021146422252058983, -0.1325608640909195,
        -0.07620330154895782, 0.015316152013838291, -0.21485944092273712,
        -0.07671400904655457, -0.05551108345389366, 0.06386500597000122,
        -0.02803909219801426, 0.011047233827412128, 0.06574633717536926,
        0.07539527118206024, -0.14462006092071533, -0.027286862954497337,
        0.015011114068329334, 0.28446847200393677, 0.20027069747447968,
        0.016722895205020905, 0.06959235668182373, -0.04914946109056473,
        0.08467471599578857, -0.20141904056072235, 0.03097216971218586,
        0.15449777245521545, 0.06367310881614685, 0.09439770132303238,
        0.08311979472637177, -0.1631266176700592, -0.057970620691776276,
        0.06369272619485855, -0.15480434894561768, 0.10604449361562729,
        -0.01055941917002201, -0.05256189778447151, -0.10010413080453873,
        -0.04016292095184326, 0.20942269265651703, 0.14527082443237305,
        -0.11501909792423248, -0.1758331060409546, 0.13631530106067657,
        -0.15041685104370117, -0.049234263598918915, 0.0863642618060112,
        -0.07672025263309479, -0.20600275695323944, -0.3122960031032562,
        0.0794067308306694, 0.3810756802558899, 0.1701114922761917,
        -0.18490515649318695, 0.051417432725429535, -0.1529877781867981,
        -0.059328630566596985, 0.04654516279697418, 0.07137206196784973,
        -0.06607559323310852, 0.13109108805656433, -0.1185438260436058,
        0.03397490829229355, 0.16694217920303345, 0.03591836616396904,
        -0.024332847446203232, 0.23493462800979614, -0.04784426465630531,
        0.06652470678091049, 0.02110208198428154, 0.08674049377441406,
        -0.19323523342609406, -0.02354329638183117, -0.11500026285648346,
        -0.1423950344324112, 0.06369397789239883, -0.0892130509018898,
        -0.026311766356229782, 0.07483316957950592, -0.16522465646266937,
        0.15797828137874603, 0.033255647867918015, 0.04304178059101105,
        -0.058058418333530426, 0.04250991716980934, -0.08185628801584244,
        -0.03384656086564064, 0.1351146548986435, -0.21192127466201782,
        0.2072821855545044, 0.17231270670890808, 0.06943340599536896,
        0.17757819592952728, 0.13221774995326996, 0.003631601110100746,
        -0.03608941659331322, -0.08328548818826675, -0.07520197331905365,
        -0.02482396364212036, -0.03164566308259964, -0.04675934091210365,
        0.05213151127099991, 0.00062327750492841
      ],
      [
        -0.13848403096199036, 0.16404961049556732, 0.08276452124118805,
        -0.10173381865024567, -0.018868880346417427, -0.04947301000356674,
        -0.04376700520515442, -0.027232464402914047, 0.19615928828716278,
        -0.05074101313948631, 0.2769578695297241, -0.005998771172016859,
        -0.13797077536582947, -0.1808040589094162, -0.04993284493684769,
        0.10592314600944519, -0.1685471087694168, -0.09069885313510895,
        -0.02404988557100296, -0.0008205617778003216, 0.14845561981201172,
        0.0437886118888855, -0.05680215358734131, 0.029530566185712814,
        -0.18614749610424042, -0.3335001468658447, -0.04019318148493767,
        -0.09511688351631165, -0.04627031460404396, -0.11553805321455002,
        -0.0017035446362569928, 0.04548969864845276, -0.24078842997550964,
        -0.0847792997956276, -0.0290685947984457, 0.07443171739578247,
        -0.011238180100917816, 0.01595979928970337, 0.07078775018453598,
        0.05089569464325905, -0.1389457881450653, 0.04364783689379692,
        0.009576627984642982, 0.27979686856269836, 0.245069682598114,
        0.032620806246995926, 0.026314187794923782, -0.1353771686553955,
        0.12682417035102844, -0.2311500906944275, -0.007316720671951771,
        0.141036719083786, 0.03409125655889511, 0.053489215672016144,
        0.1022682636976242, -0.08456490933895111, 0.010431384667754173,
        0.08443208783864975, -0.25430959463119507, 0.06648457050323486,
        0.010704057291150093, -0.04671046882867813, -0.0752486065030098,
        -0.05785711109638214, 0.11153544485569, 0.092136912047863,
        -0.09827321767807007, -0.17312943935394287, 0.12037526071071625,
